{"cameraMode":{"drawMode":0,"name":"Shaded","section":"Shading Mode"},"sceneLighting":true,"audioPlay":false,"sceneViewState":{"m_AlwaysRefresh":true,"showFog":true,"showSkybox":true,"showFlares":true,"showImageEffects":true,"showParticleSystems":true,"showVisualEffectGraphs":true,"m_FxEnabled":true},"in2DMode":false,"pivot":{"x":-4.007701396942139,"y":-0.13430285453796388,"z":-1.8747862577438355},"rotation":{"x":0.03530450910329819,"y":0.9646084904670715,"z":0.19141258299350739,"w":-0.17792026698589326},"size":6.831533908843994,"orthographic":false}